Location/Bldng_name,Area,Rent
"3 BHK Flat for rentin Gachibowli, Hyderabad","1,742 sqft(162 sqm)","60,000/month"
"2 BHK Flat for rentinFinancial District, Hyderabad","1,283 sqft(119 sqm)","52,000/month"
"2 BHK Flat for rentinKhajaguda, Hyderabad","1,200 sqft(111 sqm)","27,000/month"
"2 BHK Flat for rentinGachibowli, Hyderabad",840 sqft(78 sqm),"41,000/month"
"3 BHK Flat for rentinGachibowli, Hyderabad","1,492 sqft(139 sqm)","53,000/month"
"2 BHK Flat for rentinTellapur, Hyderabad","1,253 sqft(116 sqm)","38,101/month"
"2 BHK Flat for rentinMadhurawada, Visakhapatnam","1,100 sqft(102 sqm)","20,000/month"
"2 BHK Flat for rentinYendada, Visakhapatnam","1,529 sqft(142 sqm)","18,000/month"
4 Bedroom House for rentin Sector 21 Chandigarh,"4,500 sqft(418 sqm)",1.6 Lac/month
3 Bedroom House for rentin Sector 33 Chandigarh,"4,752 sqft(441 sqm)",2.25 Lac/month
"3 BHK Flat for rentin Manimajra, Chandigarh","1,500 sqft(139 sqm)","30,000/month"
2 BHK Flat for rentinSector 63 Chandigarh,"1,127 sqft(105 sqm)","25,000/month"
"3 BHK Flat for rentinZirakpur, Chandigarh","1,638 sqft(152 sqm)","30,000/month"
"2 BHK Flat for rentinZirakpur, Chandigarh","1,264 sqft(117 sqm)","30,000/month"
"3 BHK Flat for rentinZirakpur, Chandigarh","1,885 sqft(175 sqm)","27,000/month"
"3 BHK Flat for rentinZirakpur, Chandigarh","1,610 sqft(150 sqm)","28,000/month"
3 Bedroom House for rentinSector 18 Chandigarh,"9,000 sqft(836 sqm)",2 Lac/month
"3 BHK Flat for rentinZirakpur, Chandigarh","1,650 sqft(153 sqm)","32,000/month"
4 BHK Independent Builder Floor for rentinSector 35A Chandigarh,"4,950 sqft(460 sqm)","90,000/month"
3 BHK Independent Builder Floor for rentinSector 9 Chandigarh,"4,500 sqft(418 sqm)",1.5 Lac/month
"3 BHK Flat for rentinZirakpur, Chandigarh","1,735 sqft(161 sqm)","20,000/month"
"3 BHK Independent Builder Floor for rentinZirakpur, Chandigarh","1,200 sqft(111 sqm)","15,000/month"
"3 BHK Flat for rentinZirakpur, Chandigarh","1,600 sqft(149 sqm)","30,000/month"
"2 BHK Independent Builder Floor for rentinZirakpur, Chandigarh","1,200 sqft(111 sqm)","20,000/month"
"3 BHK Flat for rentinZirakpur, Chandigarh","1,560 sqft(145 sqm)","22,000/month"
"3 BHK Flat for rentinZirakpur, Chandigarh","1,942 sqft(180 sqm)","36,000/month"
"3 BHK Flat for rentinZirakpur, Chandigarh","1,906 sqft(177 sqm)","36,000/month"
"4 BHK Flat for rentinZirakpur, Chandigarh","2,809 sqft(261 sqm)","45,000/month"
"4 BHK Flat for rentinZirakpur, Chandigarh","2,809 sqft(261 sqm)","45,000/month"
"3 BHK Flat for rentinZirakpur, Chandigarh","1,852 sqft(172 sqm)","16,000/month"
"3 BHK Flat for rentinZirakpur, Chandigarh","1,600 sqft(149 sqm)","19,000/month"
"1 BHK Flat for rentinZirakpur, Chandigarh",610 sqft(57 sqm),"12,000/month"
"3 BHK Flat for rentin Mota Mava, Rajkot","1,250 sqft(116 sqm)","20,000/month"
"3 BHK Flat for rentin Sadhu Vaswani Road, Rajkot","1,140 sqft(106 sqm)","21,000/month"
"3 Bedroom House for rentinAsopalav Villa, Rajkot","1,080 sqft(100 sqm)","15,000/month"
"3 BHK Flat for rentinDharam Nagar, Rajkot","1,340 sqft(124 sqm)","19,000/month"
"3 Bedroom House for rentinRadhika Park, Rajkot",990 sqft(92 sqm),"18,000/month"
"3 BHK Flat for rentin150 Feet Ring Road, Rajkot",920 sqft(85 sqm),"21,000/month"
"3 BHK Flat for rentinRaiya, Rajkot",925 sqft(86 sqm),"18,000/month"
"3 BHK Flat for rentin150 Feet Ring Road, Rajkot","1,380 sqft(128 sqm)","26,000/month"
"2 BHK Flat for rentin Bhimrad, Surat","1,389 sqft(129 sqm)","18,000/month"
"1 Bedroom House for rentin Majura Gate, Surat",800 sqft(74 sqm),"17,500/month"
"3 BHK Flat for rentinVesu, Surat","1,989 sqft(185 sqm)","55,000/month"
"3 BHK Flat for rentinPalanpur, Surat","1,350 sqft(125 sqm)","26,000/month"
"3 BHK Flat for rentinJahangirpura, Surat","1,300 sqft(121 sqm)","23,000/month"
"4 BHK Flat for rentinPAL, Surat","2,153 sqft(200 sqm)","48,000/month"
"3 BHK Flat for rentinPAL, Surat","2,800 sqft(260 sqm)","38,000/month"
"4 BHK Flat for rentinPAL, Surat","2,200 sqft(204 sqm)","90,000/month"
"3 BHK Flat for rentinVesu, Surat","1,490 sqft(138 sqm)","68,000/month"
"3 BHK Flat for rentinPAL, Surat",967 sqft(90 sqm),"24,000/month"
"3 BHK Flat for rentinVesu, Surat","2,205 sqft(205 sqm)","42,000/month"
"2 BHK Flat for rentinVesu, Surat",727 sqft(68 sqm),"18,000/month"
"2 BHK Flat for rentinVesu, Surat","1,310 sqft(122 sqm)","20,000/month"
"2 BHK Flat for rentinVesu, Surat",718 sqft(67 sqm),"18,000/month"
"2 BHK Flat for rentinAlthan, Surat","1,300 sqft(121 sqm)","16,000/month"
"3 BHK Flat for rentinVIP Road Vesu , Surat","2,323 sqft(216 sqm)","40,000/month"
"3 BHK Flat for rentinPAL, Surat","1,956 sqft(182 sqm)","30,000/month"
"3 BHK Flat for rentinPalanpur, Surat",978 sqft(91 sqm),"26,000/month"
"3 BHK Flat for rentinVesu, Surat","1,282 sqft(119 sqm)","75,000/month"
"2 BHK Flat for rentinPipliyahana, Indore",996 sqft(93 sqm),"30,000/month"
"3 BHK Flat for rentinNipania, Indore","1,982 sqft(184 sqm)","35,200/month"
"3 BHK Flat for rentinNipania, Indore","1,982 sqft(184 sqm)","35,100/month"
"3 BHK Flat for rentinShalimar Township, Indore","1,800 sqft(167 sqm)","40,500/month"
"3 BHK Flat for rentinShalimar Township, Indore","1,800 sqft(167 sqm)","40,200/month"
"1 BHK Flat for rentinVijay Nagar , Indore",600 sqft(56 sqm),"18,000/month"
3 BHK Flat for rentinAB Road indore,"1,900 sqft(177 sqm)","40,000/month"
2 BHK Flat for rentinScheme No 140 Indore,"1,174 sqft(109 sqm)","27,000/month"
"1 Bedroom House for rentinMahalaxmi Nagar, Indore",300 sqft(28 sqm),"17,000/month"
"3 BHK Flat for rentinGomti Nagar Extension, Lucknow","2,250 sqft(209 sqm)","40,000/month"
